Address_ID,address_details
1,"465 Emely Bypass
West Mafalda, CO 23309"
2,"669 Carter Trafficway
Port Delbert, OK 66249"
3,"38247 Ernser Gateway Suite 442
Bogisichland, VT 71460"
4,"732 Greenholt Valleys
East Marionfort, VT 89477-0433"
5,"382 Demond Alley
Luellamouth, MT 67912"
6,"3851 Quigley Flats
O'Reillychester, CA 92522-9526"
7,"78950 Kamryn Centers
Chelsealand, NE 22947-6129"
8,"682 Kautzer Forest Apt. 509
Jaydenfurt, NE 85011-5059"
9,"11093 Balistreri Forge
Gaylordtown, VT 05705"
10,"9113 Wisoky Glen Apt. 601
Lake Immanuel, UT 01388"
11,"73409 Linnea Loop Apt. 778
Haagberg, AK 41204-1496"
12,"8220 Concepcion Neck Suite 394
East Beauview, LA 19968-4755"
13,"513 Lindgren River
North Scottymouth, IN 85224-1392"
14,"9694 Wava Roads
Ricechester, DC 70816-9058"
15,"068 O'Connell Tunnel
West Colemanburgh, MO 87777"
