best_of,draw_size,loser_age,loser_entry,loser_hand,loser_ht,loser_id,loser_ioc,loser_name,loser_rank,loser_rank_points,loser_seed,match_num,minutes,round,score,surface,tourney_date,tourney_id,tourney_level,tourney_name,winner_age,winner_entry,winner_hand,winner_ht,winner_id,winner_ioc,winner_name,winner_rank,winner_rank_points,winner_seed,year
3,4,24.626967830300003,,R,170,201474,POL,Agnieszka Radwanska,4,5890,3,297,82,RR,6-2 6-4,Hard,20131021,2013-W-WT-TUR-01A-2013,W,WTA Championships,32.0684462697,,R,175,200033,USA,Serena Williams,1,12040,1,2013
3,4,23.6221765914,,L,183,201520,CZE,Petra Kvitova,6,4370,5,296,72,RR,6-2 6-3,Hard,20131021,2013-W-WT-TUR-01A-2013,W,WTA Championships,32.0684462697,,R,175,200033,USA,Serena Williams,1,12040,1,2013
3,4,25.7577002053,,L,173,201493,GER,Angelique Kerber,9,3715,8,295,64,RR,6-3 6-1,Hard,20131021,2013-W-WT-TUR-01A-2013,W,WTA Championships,32.0684462697,,R,175,200033,USA,Serena Williams,1,12040,1,2013
3,4,24.626967830300003,,R,170,201474,POL,Agnieszka Radwanska,4,5890,3,294,84,RR,6-4 6-4,Hard,20131021,2013-W-WT-TUR-01A-2013,W,WTA Championships,23.6221765914,,L,183,201520,CZE,Petra Kvitova,6,4370,5,2013
3,4,24.626967830300003,,R,170,201474,POL,Agnieszka Radwanska,4,5890,3,293,58,RR,6-2 6-2,Hard,20131021,2013-W-WT-TUR-01A-2013,W,WTA Championships,25.7577002053,,L,173,201493,GER,Angelique Kerber,9,3715,8,2013
3,4,25.7577002053,,L,173,201493,GER,Angelique Kerber,9,3715,8,292,127,RR,6-7(3) 6-2 6-3,Hard,20131021,2013-W-WT-TUR-01A-2013,W,WTA Championships,23.6221765914,,L,183,201520,CZE,Petra Kvitova,6,4370,5,2013
3,4,24.2245037645,,R,180,201458,BLR,Victoria Azarenka,2,7676,2,291,77,RR,6-2 6-1,Hard,20131021,2013-W-WT-TUR-01A-2013,W,WTA Championships,31.6495550992,,R,172,201419,CHN,Na Li,5,5120,4,2013
3,4,26.4804928131,,R,164,201506,ITA,Sara Errani,7,4190,6,290,134,RR,7-6(4) 6-2,Hard,20131021,2013-W-WT-TUR-01A-2013,W,WTA Championships,24.2245037645,,R,180,201458,BLR,Victoria Azarenka,2,7676,2,2013
3,4,24.2245037645,,R,180,201458,BLR,Victoria Azarenka,2,7676,2,289,109,RR,6-4 6-3,Hard,20131021,2013-W-WT-TUR-01A-2013,W,WTA Championships,28.643394935,,R,177,201347,SRB,Jelena Jankovic,8,3860,7,2013
3,4,26.4804928131,,R,164,201506,ITA,Sara Errani,7,4190,6,288,105,RR,6-3 7-6(5),Hard,20131021,2013-W-WT-TUR-01A-2013,W,WTA Championships,31.6495550992,,R,172,201419,CHN,Na Li,5,5120,4,2013
3,4,28.643394935,,R,177,201347,SRB,Jelena Jankovic,8,3860,7,287,131,RR,6-3 2-6 6-3,Hard,20131021,2013-W-WT-TUR-01A-2013,W,WTA Championships,31.6495550992,,R,172,201419,CHN,Na Li,5,5120,4,2013
3,4,28.643394935,,R,177,201347,SRB,Jelena Jankovic,8,3860,7,286,101,RR,6-4 6-4,Hard,20131021,2013-W-WT-TUR-01A-2013,W,WTA Championships,26.4804928131,,R,164,201506,ITA,Sara Errani,7,4190,6,2013
3,32,25.4839151266,,R,177,201496,DEN,Caroline Wozniacki,17,2641,3,298,100,SF,6-2 7-6(3),Hard,20160104,2016-1049,I,Auckland,22.7926078029,,R,170,201585,USA,Sloane Stephens,30,1715,5,2016
3,32,27.3347022587,,R,162,201521,ESP,Carla Suarez Navarro,13,3090,6,298,75,SF,6-2 6-3,Hard,20160104,2016-M020,I,Brisbane,27.961670089000002,,L,173,201493,GER,Angelique Kerber,10,3590,4,2016
3,32,25.503080082100002,,R,185,201621,GER,Mona Barthel,45,1135,9,297,0,QF,W/O,Hard,20160111,2016-1050,I,Hobart,25.968514715900003,,R,173,201427,FRA,Alize Cornet,42,1180,7,2016
3,32,23.808350444899997,,R,184,201662,CZE,Karolina Pliskova,11,3285,5,300,98,QF,6-4 7-5,Hard,20160111,2016-M001,I,Sydney,24.2902121834,,R,168,201594,ROU,Simona Halep,2,5880,1,2016
3,128,23.8275154004,,R,184,201662,CZE,Karolina Pliskova,12,3090,9,209,70,R32,6-3 6-2,Hard,20160118,2016-580,G,Australian Open,27.613963039,,L,178,201505,RUS,Ekaterina Makarova,24,2300,21,2016
3,128,28.1998631075,,R,183,201421,SRB,Ana Ivanovic,23,2341,20,210,145,R32,4-6 6-4 6-4,Hard,20160118,2016-580,G,Australian Open,20.917180013699998,,R,178,201619,USA,Madison Keys,17,2600,15,2016
3,128,27.373032169699997,,R,162,201521,ESP,Carla Suarez Navarro,11,3175,10,221,82,QF,6-1 6-3,Hard,20160118,2016-580,G,Australian Open,26.869267624899997,,R,170,201474,POL,Agnieszka Radwanska,4,4670,4,2016
3,128,26.466803559200002,,R,180,201458,BLR,Victoria Azarenka,16,2745,14,222,105,QF,6-3 7-5,Hard,20160118,2016-580,G,Australian Open,28.0,,L,173,201493,GER,Angelique Kerber,6,3710,7,2016
3,128,26.869267624899997,,R,170,201474,POL,Agnieszka Radwanska,4,4670,4,224,64,SF,6-0 6-4,Hard,20160118,2016-580,G,Australian Open,34.3107460643,,R,175,200033,USA,Serena Williams,1,9945,1,2016
3,128,34.3107460643,,R,175,200033,USA,Serena Williams,1,9945,1,226,128,F,6-4 3-6 6-4,Hard,20160118,2016-580,G,Australian Open,28.0,,L,173,201493,GER,Angelique Kerber,6,3710,7,2016
3,32,24.7802874743,,L,159,201595,JPN,Misaki Doi,61,912,2,300,86,F,6-4 6-2,Hard,20160208,2016-1087,I,Kaohsiung,35.6440793977,,R,185,200748,USA,Venus Williams,12,3091,1,2016
3,32,30.0944558522,,R,169,201444,TPE,Su Wei Hsieh,81,785,6,298,54,SF,6-0 6-2,Hard,20160208,2016-1087,I,Kaohsiung,24.7802874743,,L,159,201595,JPN,Misaki Doi,61,912,2,2016
3,32,28.257357974,,R,183,201421,SRB,Ana Ivanovic,20,2461,4,298,78,SF,7-5 6-4,Hard,20160208,2016-1086,I,St. Petersburg,32.9719370294,,R,163,201311,ITA,Roberta Vinci,16,2885,2,2016
3,32,26.340862423,,R,182,201518,BEL,Yanina Wickmayer,52,1026,8,298,54,SF,6-2 6-0,Hard,20160222,2016-M004,I,Acapulco,22.926762491399998,,R,170,201585,USA,Sloane Stephens,24,1965,2,2016
3,32,24.6406570842,,R,177,201499,RUS,Anastasia Pavlyuchenkova,25,1920,3,295,78,QF,6-3 7-6(3),Hard,20160222,2016-M004,I,Acapulco,26.340862423,,R,182,201518,BEL,Yanina Wickmayer,52,1026,8,2016
3,64,26.9650924025,,R,170,201474,POL,Agnieszka Radwanska,3,5210,3,298,62,SF,6-2 6-0,Hard,20160222,2016-1003,I,Doha,27.4688569473,,R,162,201521,ESP,Carla Suarez Navarro,11,3300,8,2016
3,64,33.0102669405,,R,163,201311,ITA,Roberta Vinci,10,3325,9,295,111,QF,3-6 6-2 6-3,Hard,20160222,2016-1003,I,Doha,26.9650924025,,R,170,201474,POL,Agnieszka Radwanska,3,5210,3,2016
3,128,34.4449007529,,R,175,200033,USA,Serena Williams,1,9245,1,300,88,F,6-4 6-4,Hard,20160307,2016-M006,P,Indian Wells,26.6009582478,,R,180,201458,BLR,Victoria Azarenka,15,2660,13,2016
3,128,27.0034223135,,R,170,201474,POL,Agnieszka Radwanska,3,5450,3,299,95,SF,6-4 7-6(1),Hard,20160307,2016-M006,P,Indian Wells,34.4449007529,,R,175,200033,USA,Serena Williams,1,9245,1,2016
3,128,23.961670089000002,,R,184,201662,CZE,Karolina Pliskova,19,2525,18,298,125,SF,7-6(1) 1-6 6-2,Hard,20160307,2016-M006,P,Indian Wells,26.6009582478,,R,180,201458,BLR,Victoria Azarenka,15,2660,13,2016
3,128,24.4435318275,,R,168,201594,ROU,Simona Halep,5,4745,5,297,68,QF,6-4 6-3,Hard,20160307,2016-M006,P,Indian Wells,34.4449007529,,R,175,200033,USA,Serena Williams,1,9245,1,2016
3,128,25.9986310746,,L,183,201520,CZE,Petra Kvitova,9,3483,8,296,95,QF,6-2 7-6(3),Hard,20160307,2016-M006,P,Indian Wells,27.0034223135,,R,170,201474,POL,Agnieszka Radwanska,3,5450,3,2016
3,128,31.019849418200003,,R,177,201347,SRB,Jelena Jankovic,20,2505,19,291,81,R16,6-3 6-3,Hard,20160307,2016-M006,P,Indian Wells,27.0034223135,,R,170,201474,POL,Agnieszka Radwanska,3,5450,3,2016
3,128,31.9370294319,,R,172,201325,AUS,Samantha Stosur,28,1845,26,288,118,R16,6-1 4-6 6-1,Hard,20160307,2016-M006,P,Indian Wells,26.6009582478,,R,180,201458,BLR,Victoria Azarenka,15,2660,13,2016
3,128,27.748117727600004,,L,178,201505,RUS,Ekaterina Makarova,32,1571,30,282,64,R32,6-2 6-4,Hard,20160307,2016-M006,P,Indian Wells,24.4435318275,,R,168,201594,ROU,Simona Halep,5,4745,5,2016
3,128,28.449007529099998,,R,168,201512,ROU,Monica Niculescu,34,1380,32,281,87,R32,6-2 6-1,Hard,20160307,2016-M006,P,Indian Wells,27.0034223135,,R,170,201474,POL,Agnieszka Radwanska,3,5450,3,2016
3,128,21.4839151266,,R,174,202494,UKR,Elina Svitolina,14,2750,17,276,61,R32,6-1 6-3,Hard,20160307,2016-M006,P,Indian Wells,33.0485968515,,R,163,201311,ITA,Roberta Vinci,10,3455,9,2016
3,128,28.334017795999998,,R,183,201421,SRB,Ana Ivanovic,18,2531,14,271,49,R32,6-2 6-0,Hard,20160307,2016-M006,P,Indian Wells,23.961670089000002,,R,184,201662,CZE,Karolina Pliskova,19,2525,18,2016
3,128,30.7323750856,,R,174,201320,RUS,Svetlana Kuznetsova,19,2480,15,300,77,F,6-3 6-2,Hard,20160321,2016-M007,P,Miami,26.6392881588,,R,180,201458,BLR,Victoria Azarenka,8,3595,13,2016
3,128,28.1724845996,,L,173,201493,GER,Angelique Kerber,3,5700,2,298,93,SF,6-2 7-5,Hard,20160321,2016-M007,P,Miami,26.6392881588,,R,180,201458,BLR,Victoria Azarenka,8,3595,13,2016
3,128,27.786447638600002,,L,178,201505,RUS,Ekaterina Makarova,31,1571,30,297,163,QF,6-7(3) 6-4 6-3,Hard,20160321,2016-M007,P,Miami,30.7323750856,,R,174,201320,RUS,Svetlana Kuznetsova,19,2480,15,2016
3,128,21.0896646133,,R,178,201619,USA,Madison Keys,24,2005,22,294,68,QF,6-3 6-2,Hard,20160321,2016-M007,P,Miami,28.1724845996,,L,173,201493,GER,Angelique Kerber,3,5700,2,2016
3,128,34.483230663899995,,R,175,200033,USA,Serena Williams,1,9505,1,293,122,R16,6-7(3) 6-1 6-2,Hard,20160321,2016-M007,P,Miami,30.7323750856,,R,174,201320,RUS,Svetlana Kuznetsova,19,2480,15,2016
3,128,21.5222450376,,R,174,202494,UKR,Elina Svitolina,16,2695,12,292,67,R16,6-1 6-4,Hard,20160321,2016-M007,P,Miami,27.786447638600002,,L,178,201505,RUS,Ekaterina Makarova,31,1571,30,2016
3,128,22.4503764545,,R,182,202469,ESP,Garbine Muguruza,4,4776,4,288,131,R16,7-6(6) 7-6(4),Hard,20160321,2016-M007,P,Miami,26.6392881588,,R,180,201458,BLR,Victoria Azarenka,8,3595,13,2016
3,128,25.6947296372,,R,177,201496,DEN,Caroline Wozniacki,25,1991,23,283,162,R32,5-7 6-4 7-6(1),Hard,20160321,2016-M007,P,Miami,21.5222450376,,R,174,202494,UKR,Elina Svitolina,16,2695,12,2016
3,128,26.0369609856,,L,183,201520,CZE,Petra Kvitova,7,3698,8,282,90,R32,6-4 6-4,Hard,20160321,2016-M007,P,Miami,27.786447638600002,,L,178,201505,RUS,Ekaterina Makarova,31,1571,30,2016
3,128,33.0869267625,,R,163,201311,ITA,Roberta Vinci,9,3540,9,272,85,R32,6-4 6-4,Hard,20160321,2016-M007,P,Miami,21.0896646133,,R,178,201619,USA,Madison Keys,24,2005,22,2016
3,64,28.2108145106,,L,173,201493,GER,Angelique Kerber,2,6025,1,299,40,SF,6-1 3-0 RET,Clay,20160404,2016-0804,I,Charleston,23.041752224499998,,R,170,201585,USA,Sloane Stephens,25,1900,7,2016
3,64,32.0136892539,,R,172,201325,AUS,Samantha Stosur,26,1845,10,289,102,R16,6-4 7-6(5),Clay,20160404,2016-0804,I,Charleston,28.9336071184,,R,164,201506,ITA,Sara Errani,20,2420,5,2016
3,32,24.2628336756,,R,168,202429,ITA,Camila Giorgi,48,1145,5,300,74,F,6-4 6-0,Hard,20160404,2016-1067,I,Katowice,26.9130732375,,R,161,201495,SVK,Dominika Cibulkova,53,1076,8,2016
3,32,30.2313483915,,R,165,201465,BEL,Kirsten Flipkens,59,1015,9,296,129,QF,6-2 5-7 6-4,Hard,20160404,2016-1067,I,Katowice,24.2628336756,,R,168,202429,ITA,Camila Giorgi,48,1145,5,2016
3,32,26.1136208077,,L,183,201520,CZE,Petra Kvitova,7,3763,5,298,123,SF,6-4 4-6 6-2,Clay,20160418,2016-1051,I,Stuttgart,28.249144421599997,,L,173,201493,GER,Angelique Kerber,3,5740,2,2016
3,32,22.527036276500002,,R,182,202469,ESP,Garbine Muguruza,4,4831,3,295,99,QF,6-1 3-6 6-0,Clay,20160418,2016-1051,I,Stuttgart,26.1136208077,,L,183,201520,CZE,Petra Kvitova,7,3763,5,2016
3,32,27.6221765914,,R,162,201521,ESP,Carla Suarez Navarro,11,3160,7,294,72,QF,6-2 6-4,Clay,20160418,2016-1051,I,Stuttgart,28.249144421599997,,L,173,201493,GER,Angelique Kerber,3,5740,2,2016
3,32,32.0711841205,,R,172,201325,AUS,Samantha Stosur,25,1870,4,300,118,F,3-6 6-1 6-4,Clay,20160425,2016-1082,I,Prague,29.2210814511,,L,177,201425,CZE,Lucie Safarova,16,2714,2,2016
3,32,30.8281998631,,R,174,201320,RUS,Svetlana Kuznetsova,13,3010,1,299,0,SF,W/O,Clay,20160425,2016-1082,I,Prague,32.0711841205,,R,172,201325,AUS,Samantha Stosur,25,1870,4,2016
3,32,24.0958247775,,R,184,201662,CZE,Karolina Pliskova,18,2590,3,298,99,SF,6-4 7-6(4),Clay,20160425,2016-1082,I,Prague,29.2210814511,,L,177,201425,CZE,Lucie Safarova,16,2714,2,2016
3,32,30.078028747399998,,R,164,201366,CZE,Barbora Zahlavova Strycova,33,1440,5,296,175,QF,6-3 6-7(3) 7-6(4),Clay,20160425,2016-1082,I,Prague,32.0711841205,,R,172,201325,AUS,Samantha Stosur,25,1870,4,2016
3,64,30.866529774099998,,R,174,201320,RUS,Svetlana Kuznetsova,19,2450,9,297,51,QF,6-2 6-0,Clay,20160509,2016-M009,P,Rome,34.6173853525,,R,175,200033,USA,Serena Williams,1,8235,1,2016
3,128,23.0253251198,,R,184,201540,FRA,Kristina Mladenovic,30,1550,26,196,131,R32,6-4 7-6(10),Clay,20160523,2016-520,G,French Open,34.6557152635,,R,175,200033,USA,Serena Williams,1,9030,1,2016
3,128,28.5448323066,,R,183,201421,SRB,Ana Ivanovic,16,2560,14,197,78,R32,6-4 6-4,Clay,20160523,2016-520,G,French Open,21.6947296372,,R,174,202494,UKR,Elina Svitolina,20,2416,18,2016
3,128,27.0472279261,,R,161,201495,SVK,Dominika Cibulkova,25,1951,22,198,161,R32,6-4 3-6 6-1,Clay,20160523,2016-520,G,French Open,27.718001368899998,,R,162,201521,ESP,Carla Suarez Navarro,14,2585,12,2016
3,128,24.889801505799998,,R,177,201499,RUS,Anastasia Pavlyuchenkova,27,1840,24,206,72,R32,6-1 6-4,Clay,20160523,2016-520,G,French Open,30.904859685100003,,R,174,201320,RUS,Svetlana Kuznetsova,15,2585,13,2016
3,128,29.297741273099998,,L,177,201425,CZE,Lucie Safarova,13,2843,11,209,142,R32,6-3 6-7(0) 7-5,Clay,20160523,2016-520,G,French Open,32.1478439425,,R,172,201325,AUS,Samantha Stosur,24,2050,21,2016
3,128,30.1546885695,,R,164,201366,CZE,Barbora Zahlavova Strycova,33,1520,30,211,149,R32,6-2 6-7(6) 6-2,Clay,20160523,2016-520,G,French Open,27.2142368241,,R,170,201474,POL,Agnieszka Radwanska,2,5850,2,2016
3,128,21.6947296372,,R,174,202494,UKR,Elina Svitolina,20,2416,18,212,62,R16,6-1 6-1,Clay,20160523,2016-520,G,French Open,34.6557152635,,R,175,200033,USA,Serena Williams,1,9030,1,2016
3,128,30.904859685100003,,R,174,201320,RUS,Svetlana Kuznetsova,15,2585,13,217,98,R16,6-3 6-4,Clay,20160523,2016-520,G,French Open,22.6228610541,,R,182,202469,ESP,Garbine Muguruza,4,5196,4,2016
3,128,24.654346338099998,,R,168,201594,ROU,Simona Halep,6,4301,6,218,83,R16,7-6(0) 6-3,Clay,20160523,2016-520,G,French Open,32.1478439425,,R,172,201325,AUS,Samantha Stosur,24,2050,21,2016
3,128,32.1478439425,,R,172,201325,AUS,Samantha Stosur,24,2050,21,225,76,SF,6-2 6-4,Clay,20160523,2016-520,G,French Open,22.6228610541,,R,182,202469,ESP,Garbine Muguruza,4,5196,4,2016
3,128,34.6557152635,,R,175,200033,USA,Serena Williams,1,9030,1,226,103,F,7-5 6-4,Clay,20160523,2016-520,G,French Open,22.6228610541,,R,182,202469,ESP,Garbine Muguruza,4,5196,4,2016
3,32,23.0636550308,,R,184,201540,FRA,Kristina Mladenovic,32,1550,3,300,89,F,7-5 7-5,Grass,20160606,2016-M010,I,s-Hertogenbosch,24.501026694,,R,185,201535,USA,Coco Vandeweghe,43,1302,6,2016
3,32,27.7754962355,,R,162,201521,ESP,Carla Suarez Navarro,15,2695,6,298,101,SF,3-6 6-3 7-6(3),Grass,20160613,2016-1052,I,Birmingham,21.3196440794,,R,178,201619,USA,Madison Keys,16,2592,7,2016
3,32,28.402464065700002,,L,173,201493,GER,Angelique Kerber,4,5620,2,294,119,QF,6-4 1-6 7-5,Grass,20160613,2016-1052,I,Birmingham,27.7754962355,,R,162,201521,ESP,Carla Suarez Navarro,15,2695,6,2016
3,64,24.249144421599997,,R,184,201662,CZE,Karolina Pliskova,17,2335,10,300,100,F,7-5 6-3,Grass,20160620,2016-0710,I,Eastbourne,27.1238877481,,R,161,201495,SVK,Dominika Cibulkova,21,2081,12,2016
3,64,27.290896646100002,,R,170,201474,POL,Agnieszka Radwanska,3,6080,1,297,184,QF,4-6 7-6(2) 6-3,Grass,20160620,2016-0710,I,Eastbourne,27.1238877481,,R,161,201495,SVK,Dominika Cibulkova,21,2081,12,2016
3,128,23.2717316906,,R,170,201585,USA,Sloane Stephens,22,1995,18,197,148,R32,6-7(1) 6-2 8-6,Grass,20160627,2016-540,G,Wimbledon,31.0006844627,,R,174,201320,RUS,Svetlana Kuznetsova,14,2730,13,2016
3,128,33.3552361396,,R,163,201311,ITA,Roberta Vinci,7,3405,6,199,66,R32,6-3 6-4,Grass,20160627,2016-540,G,Wimbledon,24.5585215606,,R,185,201535,USA,Coco Vandeweghe,30,1652,27,2016
3,128,24.5475701574,,R,182,202428,NED,Kiki Bertens,28,1729,26,204,68,R32,6-4 6-3,Grass,20160627,2016-540,G,Wimbledon,24.750171115700002,,R,168,201594,ROU,Simona Halep,5,4372,5,2016
3,128,31.0006844627,,R,174,201320,RUS,Svetlana Kuznetsova,14,2730,13,212,75,R16,7-5 6-0,Grass,20160627,2016-540,G,Wimbledon,34.7515400411,,R,175,200033,USA,Serena Williams,1,8330,1,2016
3,128,24.5585215606,,R,185,201535,USA,Coco Vandeweghe,30,1652,27,213,71,R16,6-3 6-3,Grass,20160627,2016-540,G,Wimbledon,24.985626283400002,,R,177,201499,RUS,Anastasia Pavlyuchenkova,23,1960,21,2016
3,128,27.310061601599998,,R,170,201474,POL,Agnieszka Radwanska,3,5875,3,214,179,R16,6-3 5-7 9-7,Grass,20160627,2016-540,G,Wimbledon,27.143052703600002,,R,161,201495,SVK,Dominika Cibulkova,18,2451,19,2016
3,128,21.357973990399998,,R,178,201619,USA,Madison Keys,9,3061,9,216,115,R16,6-7(5) 6-4 6-3,Grass,20160627,2016-540,G,Wimbledon,24.750171115700002,,R,168,201594,ROU,Simona Halep,5,4372,5,2016
3,128,27.813826146500002,,R,162,201521,ESP,Carla Suarez Navarro,12,2780,12,218,95,R16,7-6(3) 6-4,Grass,20160627,2016-540,G,Wimbledon,36.027378507899996,,R,185,200748,USA,Venus Williams,8,3116,8,2016
3,128,24.985626283400002,,R,177,201499,RUS,Anastasia Pavlyuchenkova,23,1960,21,220,72,QF,6-4 6-4,Grass,20160627,2016-540,G,Wimbledon,34.7515400411,,R,175,200033,USA,Serena Williams,1,8330,1,2016
3,128,24.750171115700002,,R,168,201594,ROU,Simona Halep,5,4372,5,222,90,QF,7-5 7-6(2),Grass,20160627,2016-540,G,Wimbledon,28.4407939767,,L,173,201493,GER,Angelique Kerber,4,5330,4,2016
3,128,36.027378507899996,,R,185,200748,USA,Venus Williams,8,3116,8,225,71,SF,6-4 6-4,Grass,20160627,2016-540,G,Wimbledon,28.4407939767,,L,173,201493,GER,Angelique Kerber,4,5330,4,2016
3,128,28.4407939767,,L,173,201493,GER,Angelique Kerber,4,5330,4,226,81,F,7-5 6-3,Grass,20160627,2016-540,G,Wimbledon,34.7515400411,,R,175,200033,USA,Serena Williams,1,8330,1,2016
3,32,22.417522245,,R,170,202470,GER,Annika Beck,37,1455,4,295,80,QF,7-5 6-1,Clay,20160718,2016-1048,I,Bastad,27.9178644764,,R,174,201596,SWE,Johanna Larsson,82,845,8,2016
3,32,25.2210814511,,L,159,201595,JPN,Misaki Doi,36,1460,5,294,79,QF,7-5 6-0,Hard,20160718,2016-0703,I,Stanford,27.2005475702,,R,161,201495,SVK,Dominika Cibulkova,12,2871,2,2016
3,64,23.1786447639,,R,184,201540,FRA,Kristina Mladenovic,34,1465,4,295,131,QF,4-6 6-3 6-4,Hard,20160718,2016-M035,I,Washington,26.7433264887,,R,182,201518,BEL,Yanina Wickmayer,44,1255,7,2016
3,64,21.4346338125,,R,178,201619,USA,Madison Keys,12,2871,10,300,75,F,7-6(2) 6-3,Hard,20160725,2016-0806,I,Montreal,24.8268309377,,R,168,201594,ROU,Simona Halep,5,5071,5,2016
3,64,28.517453798800002,,L,173,201493,GER,Angelique Kerber,2,6500,2,298,98,SF,6-0 3-6 6-2,Hard,20160725,2016-0806,I,Montreal,24.8268309377,,R,168,201594,ROU,Simona Halep,5,5071,5,2016
3,64,25.0622861054,,R,177,201499,RUS,Anastasia Pavlyuchenkova,19,2320,16,296,100,QF,7-6(3) 1-6 6-0,Hard,20160725,2016-0806,I,Montreal,21.4346338125,,R,178,201619,USA,Madison Keys,12,2871,10,2016
3,64,31.077344284699997,,R,174,201320,RUS,Svetlana Kuznetsova,11,2900,9,295,96,QF,3-6 6-1 6-1,Hard,20160725,2016-0806,I,Montreal,24.8268309377,,R,168,201594,ROU,Simona Halep,5,5071,5,2016
3,64,27.3867214237,,R,170,201474,POL,Agnieszka Radwanska,4,5335,4,291,128,R16,6-4 6-7(4) 6-1,Hard,20160725,2016-0806,I,Montreal,25.0622861054,,R,177,201499,RUS,Anastasia Pavlyuchenkova,19,2320,16,2016
3,64,36.1040383299,,R,185,200748,USA,Venus Williams,6,3960,6,290,110,R16,6-1 6-7(2) 6-3,Hard,20160725,2016-0806,I,Montreal,21.4346338125,,R,178,201619,USA,Madison Keys,12,2871,10,2016
3,64,26.3819301848,,L,183,201520,CZE,Petra Kvitova,13,2816,12,289,104,R16,7-6(2) 6-3,Hard,20160725,2016-0806,I,Montreal,31.077344284699997,,R,174,201320,RUS,Svetlana Kuznetsova,11,2900,9,2016
3,64,24.3449691992,,R,184,201662,CZE,Karolina Pliskova,17,2540,14,288,67,R16,6-3 6-3,Hard,20160725,2016-0806,I,Montreal,24.8268309377,,R,168,201594,ROU,Simona Halep,5,5071,5,2016
3,64,21.8672142368,,R,174,202494,UKR,Elina Svitolina,20,2226,17,286,135,R16,1-6 7-6(2) 6-4,Hard,20160725,2016-0806,I,Montreal,28.517453798800002,,L,173,201493,GER,Angelique Kerber,2,6500,2,2016
3,32,23.227926078000003,,R,179,201693,HUN,Timea Babos,44,1260,6,300,128,F,2-6 6-4 6-3,Hard,20160801,2016-1064,I,Florianopolis,25.9329226557,,R,181,201593,ROU,Irina Camelia Begu,31,1645,2,2016
3,64,34.8665297741,,R,175,200033,USA,Serena Williams,1,8300,1,148,72,R16,6-4 6-3 ,Hard,20160808,2016-O16,I,Olympics,21.9055441478,,R,174,202494,UKR,Elina Svitolina,20,2146,15,2016
3,64,27.928815879499997,,R,162,201521,ESP,Carla Suarez Navarro,12,3010,9,152,95,R16,6-3 3-6 6-3 ,Hard,20160808,2016-O16,I,Olympics,21.472963723499998,,R,178,201619,USA,Madison Keys,9,3401,7,2016
3,64,32.3586584531,,R,172,201325,AUS,Samantha Stosur,17,2370,13,155,90,R16,6-0 7-5 ,Hard,20160808,2016-O16,I,Olympics,28.5557837098,,L,173,201493,GER,Angelique Kerber,2,6380,2,2016
3,64,21.9055441478,,R,174,202494,UKR,Elina Svitolina,20,2146,15,156,48,QF,6-2 6-0 ,Hard,20160808,2016-O16,I,Olympics,26.4202600958,,L,183,201520,CZE,Petra Kvitova,14,2920,11,2016
3,64,21.472963723499998,,R,178,201619,USA,Madison Keys,9,3401,7,161,89,SF,6-3 7-5 ,Hard,20160808,2016-O16,I,Olympics,28.5557837098,,L,173,201493,GER,Angelique Kerber,2,6380,2,2016
3,64,21.472963723499998,,R,178,201619,USA,Madison Keys,9,3401,7,163,132,BR,7-5 2-6 6-2,Hard,20160808,2016-O16,I,Olympics,26.4202600958,,L,183,201520,CZE,Petra Kvitova,14,2920,11,2016
3,64,28.574948665300003,,L,173,201493,GER,Angelique Kerber,2,6375,2,300,62,F,6-3 6-1,Hard,20160815,2016-M024,P,Cincinnati,24.402464065700002,,R,184,201662,CZE,Karolina Pliskova,17,2340,15,2016
3,64,22.8528405202,,R,182,202469,ESP,Garbine Muguruza,3,5481,4,299,60,SF,6-1 6-3,Hard,20160815,2016-M024,P,Cincinnati,24.402464065700002,,R,184,201662,CZE,Karolina Pliskova,17,2340,15,2016
3,64,24.8843258042,,R,168,201594,ROU,Simona Halep,4,5386,3,298,89,SF,6-3 6-4,Hard,20160815,2016-M024,P,Cincinnati,28.574948665300003,,L,173,201493,GER,Angelique Kerber,2,6375,2,2016
3,64,31.1348391513,,R,174,201320,RUS,Svetlana Kuznetsova,10,3060,7,297,111,QF,6-3 4-6 6-2,Hard,20160815,2016-M024,P,Cincinnati,24.402464065700002,,R,184,201662,CZE,Karolina Pliskova,17,2340,15,2016
3,64,27.4442162902,,R,170,201474,POL,Agnieszka Radwanska,5,5250,5,295,91,QF,7-5 6-1,Hard,20160815,2016-M024,P,Cincinnati,24.8843258042,,R,168,201594,ROU,Simona Halep,4,5386,3,2016
3,64,27.947980835,,R,162,201521,ESP,Carla Suarez Navarro,12,3010,9,294,104,QF,4-6 6-3 6-0,Hard,20160815,2016-M024,P,Cincinnati,28.574948665300003,,L,173,201493,GER,Angelique Kerber,2,6375,2,2016
3,64,25.1197809719,,R,177,201499,RUS,Anastasia Pavlyuchenkova,18,2280,16,291,90,R16,7-5 6-1,Hard,20160815,2016-M024,P,Cincinnati,22.8528405202,,R,182,202469,ESP,Garbine Muguruza,3,5481,4,2016
3,64,33.4893908282,,R,163,201311,ITA,Roberta Vinci,8,3440,6,287,74,R16,6-1 7-5,Hard,20160815,2016-M024,P,Cincinnati,27.947980835,,R,162,201521,ESP,Carla Suarez Navarro,12,3010,9,2016
3,32,21.943874058899997,,R,174,202494,UKR,Elina Svitolina,23,1797,10,300,96,F,6-1 7-6(3),Hard,20160822,2016-0602,I,New Haven,27.463381245700003,,R,170,201474,POL,Agnieszka Radwanska,4,5340,1,2016
3,32,26.458590006799998,,L,183,201520,CZE,Petra Kvitova,15,2865,6,299,77,SF,6-1 6-1,Hard,20160822,2016-0602,I,New Haven,27.463381245700003,,R,170,201474,POL,Agnieszka Radwanska,4,5340,1,2016
3,128,30.078028747399998,,R,176,201455,RUS,Elena Vesnina,20,2054,19,198,70,R32,6-4 6-3,Hard,20160829,2016-560,G,Us Open,27.986310746100003,,R,162,201521,ESP,Carla Suarez Navarro,12,3100,11,2016
3,128,23.3045859001,,R,179,201693,HUN,Timea Babos,34,1510,31,199,127,R32,6-1 2-6 6-4,Hard,20160829,2016-560,G,Us Open,24.922655715300003,,R,168,201594,ROU,Simona Halep,5,5151,5,2016
3,128,25.158110883000003,,R,177,201499,RUS,Anastasia Pavlyuchenkova,18,2195,17,202,75,R32,6-2 6-4,Hard,20160829,2016-560,G,Us Open,24.4407939767,,R,184,201662,CZE,Karolina Pliskova,11,3135,10,2016
3,128,21.9630390144,,R,174,202494,UKR,Elina Svitolina,19,2101,22,210,71,R32,6-3 6-4,Hard,20160829,2016-560,G,Us Open,26.4777549624,,L,183,201520,CZE,Petra Kvitova,16,2580,14,2016
3,128,27.986310746100003,,R,162,201521,ESP,Carla Suarez Navarro,12,3100,11,213,98,R16,6-2 7-5,Hard,20160829,2016-560,G,Us Open,24.922655715300003,,R,168,201594,ROU,Simona Halep,5,5151,5,2016
3,128,36.1998631075,,R,185,200748,USA,Venus Williams,6,4005,6,215,144,R16,4-6 6-4 7-6(3),Hard,20160829,2016-560,G,Us Open,24.4407939767,,R,184,201662,CZE,Karolina Pliskova,11,3135,10,2016
3,128,26.4777549624,,L,183,201520,CZE,Petra Kvitova,16,2580,14,219,87,R16,6-3 7-5,Hard,20160829,2016-560,G,Us Open,28.6132785763,,L,173,201493,GER,Angelique Kerber,2,6860,2,2016
3,128,24.922655715300003,,R,168,201594,ROU,Simona Halep,5,5151,5,220,134,QF,6-2 4-6 6-3,Hard,20160829,2016-560,G,Us Open,34.924024640700004,,R,175,200033,USA,Serena Williams,1,7050,1,2016
3,128,33.5277207392,,R,163,201311,ITA,Roberta Vinci,8,3465,7,223,77,QF,7-5 6-0,Hard,20160829,2016-560,G,Us Open,28.6132785763,,L,173,201493,GER,Angelique Kerber,2,6860,2,2016
3,128,34.924024640700004,,R,175,200033,USA,Serena Williams,1,7050,1,224,85,SF,6-2 7-6(5),Hard,20160829,2016-560,G,Us Open,24.4407939767,,R,184,201662,CZE,Karolina Pliskova,11,3135,10,2016
3,128,24.4407939767,,R,184,201662,CZE,Karolina Pliskova,11,3135,10,226,127,F,6-3 4-6 6-4,Hard,20160829,2016-560,G,Us Open,28.6132785763,,L,173,201493,GER,Angelique Kerber,2,6860,2,2016
3,64,27.3921971253,,R,161,201495,SVK,Dominika Cibulkova,12,2975,10,300,62,F,6-1 6-1,Hard,20160926,2016-1075,I,Wuhan,26.554414784400002,,L,183,201520,CZE,Petra Kvitova,16,2390,14,2016
3,64,24.9993155373,,R,168,201594,ROU,Simona Halep,5,4742,4,299,67,SF,6-1 6-2,Hard,20160926,2016-1075,I,Wuhan,26.554414784400002,,L,183,201520,CZE,Petra Kvitova,16,2390,14,2016
3,64,31.249828884299998,,R,174,201320,RUS,Svetlana Kuznetsova,10,3250,9,298,155,SF,3-6 6-3 6-4,Hard,20160926,2016-1075,I,Wuhan,27.3921971253,,R,161,201495,SVK,Dominika Cibulkova,12,2975,10,2016
3,64,21.607118412,,R,178,201619,USA,Madison Keys,9,3287,8,296,69,QF,6-4 6-2,Hard,20160926,2016-1075,I,Wuhan,24.9993155373,,R,168,201594,ROU,Simona Halep,5,4742,4,2016
3,64,27.5592060233,,R,170,201474,POL,Agnieszka Radwanska,4,5530,3,295,170,QF,1-6 7-6(9) 6-4,Hard,20160926,2016-1075,I,Wuhan,31.249828884299998,,R,174,201320,RUS,Svetlana Kuznetsova,10,3250,9,2016
3,64,28.689938398400002,,L,173,201493,GER,Angelique Kerber,1,8730,1,293,199,R16,6-7(10) 7-5 6-4,Hard,20160926,2016-1075,I,Wuhan,26.554414784400002,,L,183,201520,CZE,Petra Kvitova,16,2390,14,2016
3,64,36.2765229295,,R,185,200748,USA,Venus Williams,7,3815,6,289,70,R16,6-2 6-2,Hard,20160926,2016-1075,I,Wuhan,31.249828884299998,,R,174,201320,RUS,Svetlana Kuznetsova,10,3250,9,2016
3,64,24.517453798800002,,R,184,201662,CZE,Karolina Pliskova,6,4425,5,287,74,R16,6-2 6-2,Hard,20160926,2016-1075,I,Wuhan,27.3921971253,,R,161,201495,SVK,Dominika Cibulkova,12,2975,10,2016
3,64,22.058863791900002,,R,174,202494,UKR,Elina Svitolina,19,2186,16,299,101,SF,7-6(3) 6-3,Hard,20161003,2016-M015,P,Beijing,27.578370978800002,,R,170,201474,POL,Agnieszka Radwanska,3,5535,3,2016
3,64,26.573579739899998,,L,183,201520,CZE,Petra Kvitova,11,3185,14,294,161,QF,6-3 6-7(2) 7-6(5),Hard,20161003,2016-M015,P,Beijing,21.626283367600003,,R,178,201619,USA,Madison Keys,9,3417,8,2016
3,64,28.709103353899998,,L,173,201493,GER,Angelique Kerber,1,8485,1,293,89,R16,6-3 7-5,Hard,20161003,2016-M015,P,Beijing,22.058863791900002,,R,174,202494,UKR,Elina Svitolina,19,2186,16,2016
3,64,31.2689938398,,R,174,201320,RUS,Svetlana Kuznetsova,7,3540,9,287,96,R16,7-6(2) 6-2,Hard,20161003,2016-M015,P,Beijing,21.626283367600003,,R,178,201619,USA,Madison Keys,9,3417,8,2016
3,64,22.9869952088,,R,182,202469,ESP,Garbine Muguruza,4,5246,2,286,73,R16,6-1 6-4,Hard,20161003,2016-M015,P,Beijing,26.573579739899998,,L,183,201520,CZE,Petra Kvitova,11,3185,14,2016
3,32,31.613963039,,R,177,201347,SRB,Jelena Jankovic,37,1380,7,298,101,SF,6-3 6-4,Hard,20161010,2016-1074,I,Hong Kong,26.250513347,,R,177,201496,DEN,Caroline Wozniacki,22,1970,5,2016
3,32,28.101300479099997,,R,162,201521,ESP,Carla Suarez Navarro,12,3220,4,298,88,SF,6-4 6-3,Hard,20161010,2016-0528,I,Linz,27.430527036300003,,R,161,201495,SVK,Dominika Cibulkova,10,3445,2,2016
3,32,25.273100616,,R,177,201499,RUS,Anastasia Pavlyuchenkova,21,2045,5,294,114,QF,7-6(3) 6-4,Hard,20161010,2016-0528,I,Linz,27.430527036300003,,R,161,201495,SVK,Dominika Cibulkova,10,3445,2,2016
3,32,28.167008898000002,,R,174,201596,SWE,Johanna Larsson,56,1120,8,297,54,QF,6-2 6-0,Hard,20161017,2016-0300,I,Luxembourg,26.611909650900003,,L,183,201520,CZE,Petra Kvitova,11,3390,1,2016
3,32,22.0971937029,,R,174,202494,UKR,Elina Svitolina,15,2511,4,299,152,SF,6-1 6-7(2) 6-4,Hard,20161017,2016-M014,I,Moscow,31.3073237509,,R,174,201320,RUS,Svetlana Kuznetsova,9,3540,1,2016
3,32,23.4387405886,,R,179,201693,HUN,Timea Babos,26,1635,9,297,152,QF,7-5 6-7(2) 6-2,Hard,20161017,2016-M014,I,Moscow,31.3073237509,,R,174,201320,RUS,Svetlana Kuznetsova,9,3540,1,2016
3,8,28.7665982204,,L,173,201493,GER,Angelique Kerber,1,8000,1,300,76,F,6-3 6-4,Hard,20161024,2016-0808,I,Singapore,27.4688569473,,R,161,201495,SVK,Dominika Cibulkova,8,3625,7,2016
3,8,27.635865845300003,,R,170,201474,POL,Agnieszka Radwanska,3,4975,2,299,75,SF,6-2 6-1,Hard,20161024,2016-0808,I,Singapore,28.7665982204,,L,173,201493,GER,Angelique Kerber,1,8000,1,2016
3,8,31.3264887064,,R,174,201320,RUS,Svetlana Kuznetsova,9,3490,8,298,147,SF,1-6 7-6(2) 6-4,Hard,20161024,2016-0808,I,Singapore,27.4688569473,,R,161,201495,SVK,Dominika Cibulkova,8,3625,7,2016
3,8,25.0759753593,,R,168,201594,ROU,Simona Halep,4,4728,3,297,82,RR,6-4 6-2,Hard,20161024,2016-0808,I,Singapore,28.7665982204,,L,173,201493,GER,Angelique Kerber,1,8000,1,2016
3,8,21.6837782341,,R,178,201619,USA,Madison Keys,7,3637,6,296,61,RR,6-3 6-3,Hard,20161024,2016-0808,I,Singapore,28.7665982204,,L,173,201493,GER,Angelique Kerber,1,8000,1,2016
3,8,27.4688569473,,R,161,201495,SVK,Dominika Cibulkova,8,3625,7,295,137,RR,7-6(5) 2-6 6-3,Hard,20161024,2016-0808,I,Singapore,28.7665982204,,L,173,201493,GER,Angelique Kerber,1,8000,1,2016
3,8,21.6837782341,,R,178,201619,USA,Madison Keys,7,3637,6,294,69,RR,6-2 6-4,Hard,20161024,2016-0808,I,Singapore,25.0759753593,,R,168,201594,ROU,Simona Halep,4,4728,3,2016
3,8,25.0759753593,,R,168,201594,ROU,Simona Halep,4,4728,3,293,108,RR,6-3 7-6(5),Hard,20161024,2016-0808,I,Singapore,27.4688569473,,R,161,201495,SVK,Dominika Cibulkova,8,3625,7,2016
3,8,27.4688569473,,R,161,201495,SVK,Dominika Cibulkova,8,3625,7,292,65,RR,6-1 6-4,Hard,20161024,2016-0808,I,Singapore,21.6837782341,,R,178,201619,USA,Madison Keys,7,3637,6,2016
3,8,24.594113620799998,,R,184,201662,CZE,Karolina Pliskova,5,4100,4,291,78,RR,7-5 6-3,Hard,20161024,2016-0808,I,Singapore,27.635865845300003,,R,170,201474,POL,Agnieszka Radwanska,3,4975,2,2016
3,8,23.0444900753,,R,182,202469,ESP,Garbine Muguruza,6,3736,5,290,96,RR,7-6(1) 6-3,Hard,20161024,2016-0808,I,Singapore,27.635865845300003,,R,170,201474,POL,Agnieszka Radwanska,3,4975,2,2016
3,8,27.635865845300003,,R,170,201474,POL,Agnieszka Radwanska,3,4975,2,289,168,RR,7-5 1-6 7-5,Hard,20161024,2016-0808,I,Singapore,31.3264887064,,R,174,201320,RUS,Svetlana Kuznetsova,9,3490,8,2016
3,8,23.0444900753,,R,182,202469,ESP,Garbine Muguruza,6,3736,5,288,149,RR,6-2 6-7(4) 7-5,Hard,20161024,2016-0808,I,Singapore,24.594113620799998,,R,184,201662,CZE,Karolina Pliskova,5,4100,4,2016
3,8,24.594113620799998,,R,184,201662,CZE,Karolina Pliskova,5,4100,4,287,137,RR,3-6 6-2 7-6(6),Hard,20161024,2016-0808,I,Singapore,31.3264887064,,R,174,201320,RUS,Svetlana Kuznetsova,9,3490,8,2016
3,8,31.3264887064,,R,174,201320,RUS,Svetlana Kuznetsova,9,3490,8,286,94,RR,3-6 6-0 6-1,Hard,20161024,2016-0808,I,Singapore,23.0444900753,,R,182,202469,ESP,Garbine Muguruza,6,3736,5,2016
3,12,22.135523614,,R,174,202494,UKR,Elina Svitolina,14,2456,4,300,70,F,6-4 6-2,Hard,20161031,2016-1081,I,Zhuhai,26.6502395619,,L,183,201520,CZE,Petra Kvitova,13,2840,3,2016
3,12,33.700205338800004,,R,163,201311,ITA,Roberta Vinci,17,2190,5,291,46,RR,6-1 6-2,Hard,20161031,2016-1081,I,Zhuhai,26.6502395619,,L,183,201520,CZE,Petra Kvitova,13,2840,3,2016
3,12,30.5954825462,,R,164,201366,CZE,Barbora Zahlavova Strycova,21,2070,9,290,71,RR,6-1 6-4,Hard,20161031,2016-1081,I,Zhuhai,26.6502395619,,L,183,201520,CZE,Petra Kvitova,13,2840,3,2016
3,12,30.250513347,,R,176,201455,RUS,Elena Vesnina,19,2094,7,288,84,RR,6-4 6-2,Hard,20161031,2016-1081,I,Zhuhai,22.135523614,,R,174,202494,UKR,Elina Svitolina,14,2456,4,2016
3,12,24.892539356599997,,R,182,202428,NED,Kiki Bertens,22,1912,10,286,96,RR,6-4 7-6(5),Hard,20161031,2016-1081,I,Zhuhai,30.250513347,,R,176,201455,RUS,Elena Vesnina,19,2094,7,2016
3,32,26.6830937714,,R,170,201527,SUI,Stefanie Voegele,112,544,8,294,136,QF,6-4 7-6(6),Hard,20161114,2016-1072,I,Limoges,26.8117727584,,R,173,201427,FRA,Alize Cornet,45,1215,2,2016
3,32,22.3080082136,,R,174,202494,UKR,Elina Svitolina,14,2895,6,299,64,SF,6-2 6-4,Hard,20170102,2017-M020,I,Brisbane,24.7857631759,,R,184,201662,CZE,Karolina Pliskova,6,4600,3,2017
3,32,28.958247775500002,,L,173,201493,GER,Angelique Kerber,1,9080,1,297,117,QF,6-4 3-6 6-3,Hard,20170102,2017-M020,I,Brisbane,22.3080082136,,R,174,202494,UKR,Elina Svitolina,14,2895,6,2017
3,32,33.8726899384,,R,163,201311,ITA,Roberta Vinci,18,2210,8,296,111,QF,3-6 6-2 6-2,Hard,20170102,2017-M020,I,Brisbane,24.7857631759,,R,184,201662,CZE,Karolina Pliskova,6,4600,3,2017
3,32,31.518138261500003,,R,174,201320,RUS,Svetlana Kuznetsova,9,4115,5,295,109,QF,7-5 6-4,Hard,20170102,2017-M020,I,Brisbane,23.2361396304,,R,182,202469,ESP,Garbine Muguruza,7,4236,4,2017
3,128,22.3463381246,,R,174,202494,UKR,Elina Svitolina,13,2895,11,202,151,R32,7-5 4-6 6-3,Hard,20170116,2017-580,G,Australian Open,25.541409993200002,,R,177,201499,RUS,Anastasia Pavlyuchenkova,27,1620,24,2017
3,128,27.698836413400002,,R,161,201495,SVK,Dominika Cibulkova,6,4865,6,208,173,R32,6-2 6-7(3) 6-3,Hard,20170116,2017-580,G,Australian Open,28.6105407255,,L,178,201505,RUS,Ekaterina Makarova,34,1377,30,2017
3,128,31.5564681725,,R,174,201320,RUS,Svetlana Kuznetsova,10,3745,8,215,68,R16,6-3 6-3,Hard,20170116,2017-580,G,Australian Open,25.541409993200002,,R,177,201499,RUS,Anastasia Pavlyuchenkova,27,1620,24,2017
3,128,30.8062970568,,R,164,201366,CZE,Barbora Zahlavova Strycova,16,2295,16,219,105,R16,7-5 6-4,Hard,20170116,2017-580,G,Australian Open,35.307323750900004,,R,175,200033,USA,Serena Williams,2,7080,2,2017
3,128,25.541409993200002,,R,177,201499,RUS,Anastasia Pavlyuchenkova,27,1620,24,221,107,QF,6-4 7-6(3),Hard,20170116,2017-580,G,Australian Open,36.5831622177,,R,185,200748,USA,Venus Williams,17,2240,13,2017
3,128,36.5831622177,,R,185,200748,USA,Venus Williams,17,2240,13,226,81,F,6-4 6-4,Hard,20170116,2017-580,G,Australian Open,35.307323750900004,,R,175,200033,USA,Serena Williams,2,7080,2,2017
3,32,30.4996577687,,R,176,201455,RUS,Elena Vesnina,16,2357,5,294,85,QF,6-3 6-3,Hard,20170130,2017-1086,I,St. Petersburg,27.7371663244,,R,161,201495,SVK,Dominika Cibulkova,5,4985,2,2017
3,32,27.7754962355,,R,161,201495,SVK,Dominika Cibulkova,5,5070,3,298,112,SF,6-4 4-6 6-3,Hard,20170213,2017-1003,I,Doha,24.900752909,,R,184,201662,CZE,Karolina Pliskova,3,5270,2,2017
3,32,30.045174538,,L,177,201425,CZE,Lucie Safarova,47,1177,2,300,137,F,6-7(4) 6-4 6-3,Hard,20170220,2017-1097,I,Budapest,23.783709787800003,,R,179,201693,HUN,Timea Babos,33,1445,1,2017
3,32,28.301163586599998,,R,180,201504,GER,Julia Goerges,56,1015,3,299,80,SF,7-5 6-1,Hard,20170220,2017-1097,I,Budapest,23.783709787800003,,R,179,201693,HUN,Timea Babos,33,1445,1,2017
3,32,27.337440109499997,,R,182,201518,BEL,Yanina Wickmayer,60,947,5,296,82,QF,6-1 7-5,Hard,20170220,2017-1097,I,Budapest,28.301163586599998,,R,180,201504,GER,Julia Goerges,56,1015,3,2017
3,64,26.614647501700002,,R,177,201496,DEN,Caroline Wozniacki,15,2540,10,300,88,F,6-4 6-2,Hard,20170220,2017-0718,I,Dubai,22.4421629021,,R,174,202494,UKR,Elina Svitolina,13,3050,7,2017
3,64,29.092402464099997,,L,173,201493,GER,Angelique Kerber,2,7115,1,299,100,SF,6-3 7-6(3),Hard,20170220,2017-0718,I,Dubai,22.4421629021,,R,174,202494,UKR,Elina Svitolina,13,3050,7,2017
3,32,23.7919233402,,R,184,201540,FRA,Kristina Mladenovic,30,1580,2,300,80,F,6-1 7-5,Hard,20170227,2017-M004,I,Acapulco,27.748117727600004,,R,174,201615,UKR,Lesia Tsurenko,50,1095,7,2017
3,32,24.7994524298,,R,170,201539,USA,Christina Mchale,45,1245,5,298,142,SF,7-5 4-6 6-2,Hard,20170227,2017-M004,I,Acapulco,23.7919233402,,R,184,201540,FRA,Kristina Mladenovic,30,1580,2,2017
3,128,31.6906228611,,R,174,201320,RUS,Svetlana Kuznetsova,8,3915,8,300,181,F,6-7(6) 7-5 6-4,Hard,20170306,2017-M006,P,Indian Wells,30.5954825462,,R,176,201455,RUS,Elena Vesnina,15,2340,14,2017
3,128,24.958247775500002,,R,184,201662,CZE,Karolina Pliskova,3,5640,3,299,115,SF,7-6(5) 7-6(2),Hard,20170306,2017-M006,P,Indian Wells,31.6906228611,,R,174,201320,RUS,Svetlana Kuznetsova,8,3915,8,2017
3,128,23.811088295700003,,R,184,201540,FRA,Kristina Mladenovic,26,1700,28,298,84,SF,6-3 6-4,Hard,20170306,2017-M006,P,Indian Wells,30.5954825462,,R,176,201455,RUS,Elena Vesnina,15,2340,14,2017
3,128,23.40862423,,R,182,202469,ESP,Garbine Muguruza,7,4585,7,297,116,QF,7-6(2) 7-6(5),Hard,20170306,2017-M006,P,Indian Wells,24.958247775500002,,R,184,201662,CZE,Karolina Pliskova,3,5640,3,2017
3,128,25.6755646817,,R,177,201499,RUS,Anastasia Pavlyuchenkova,21,1936,19,296,63,QF,6-3 6-2,Hard,20170306,2017-M006,P,Indian Wells,31.6906228611,,R,174,201320,RUS,Svetlana Kuznetsova,8,3915,8,2017
3,128,26.6529774127,,R,177,201496,DEN,Caroline Wozniacki,14,3020,13,295,153,QF,3-6 7-6(4) 6-2,Hard,20170306,2017-M006,P,Indian Wells,23.811088295700003,,R,184,201540,FRA,Kristina Mladenovic,26,1700,28,2017
3,128,36.7173169062,,R,185,200748,USA,Venus Williams,13,3280,12,294,131,QF,6-2 4-6 6-3,Hard,20170306,2017-M006,P,Indian Wells,30.5954825462,,R,176,201455,RUS,Elena Vesnina,15,2340,14,2017
3,128,22.4804928131,,R,174,202494,UKR,Elina Svitolina,10,3795,10,292,113,R16,7-6(5) 1-6 6-0,Hard,20170306,2017-M006,P,Indian Wells,23.40862423,,R,182,202469,ESP,Garbine Muguruza,7,4585,7,2017
3,128,27.832991101999998,,R,161,201495,SVK,Dominika Cibulkova,5,5075,5,291,127,R16,6-4 3-6 6-2,Hard,20170306,2017-M006,P,Indian Wells,25.6755646817,,R,177,201499,RUS,Anastasia Pavlyuchenkova,21,1936,19,2017
3,128,22.0479123888,,R,178,201619,USA,Madison Keys,9,3897,9,289,92,R16,6-4 6-4,Hard,20170306,2017-M006,P,Indian Wells,26.6529774127,,R,177,201496,DEN,Caroline Wozniacki,14,3020,13,2017
3,128,29.130732375100003,,L,173,201493,GER,Angelique Kerber,2,7405,2,286,84,R16,6-3 6-3,Hard,20170306,2017-M006,P,Indian Wells,30.5954825462,,R,176,201455,RUS,Elena Vesnina,15,2340,14,2017
3,128,26.527036276500002,,R,181,201593,ROU,Irina Camelia Begu,32,1562,29,285,120,R32,6-4 7-6(2),Hard,20170306,2017-M006,P,Indian Wells,24.958247775500002,,R,184,201662,CZE,Karolina Pliskova,3,5640,3,2017
3,128,30.9404517454,,R,164,201366,CZE,Barbora Zahlavova Strycova,19,2050,17,280,77,R32,6-3 6-2,Hard,20170306,2017-M006,P,Indian Wells,25.6755646817,,R,177,201499,RUS,Anastasia Pavlyuchenkova,21,1936,19,2017
3,128,34.045174538000005,,R,163,201311,ITA,Roberta Vinci,29,1590,26,278,96,R32,6-2 2-6 6-1,Hard,20170306,2017-M006,P,Indian Wells,31.6906228611,,R,174,201320,RUS,Svetlana Kuznetsova,8,3915,8,2017
3,128,25.440109514,,R,168,201594,ROU,Simona Halep,4,5172,4,274,102,R32,6-3 6-3,Hard,20170306,2017-M006,P,Indian Wells,23.811088295700003,,R,184,201540,FRA,Kristina Mladenovic,26,1700,28,2017
3,128,23.8220396988,,R,179,201693,HUN,Timea Babos,28,1620,25,271,136,R32,6-4 1-6 6-4,Hard,20170306,2017-M006,P,Indian Wells,30.5954825462,,R,176,201455,RUS,Elena Vesnina,15,2340,14,2017
3,128,24.9965776865,,R,184,201662,CZE,Karolina Pliskova,3,5640,2,298,136,SF,5-7 6-1 6-1,Hard,20170320,2017-M007,P,Miami,26.6913073238,,R,177,201496,DEN,Caroline Wozniacki,14,3225,12,2017
3,128,29.1690622861,,L,173,201493,GER,Angelique Kerber,1,7515,1,297,99,QF,7-5 6-3,Hard,20170320,2017-M007,P,Miami,36.755646817199995,,R,185,200748,USA,Venus Williams,12,3485,11,2017
3,128,31.7289527721,,R,174,201320,RUS,Svetlana Kuznetsova,7,4555,7,292,95,R16,6-3 7-6(4),Hard,20170320,2017-M007,P,Miami,36.755646817199995,,R,185,200748,USA,Venus Williams,12,3485,11,2017
3,128,32.9719370294,,R,172,201325,AUS,Samantha Stosur,19,2010,14,291,130,R16,4-6 7-5 6-2,Hard,20170320,2017-M007,P,Miami,25.478439425100003,,R,168,201594,ROU,Simona Halep,5,5022,3,2017
3,128,23.446954141,,R,182,202469,ESP,Garbine Muguruza,6,4790,6,289,75,R16,7-6(1) 0-0 RET,Hard,20170320,2017-M007,P,Miami,26.6913073238,,R,177,201496,DEN,Caroline Wozniacki,14,3225,12,2017
3,128,30.9787816564,,R,164,201366,CZE,Barbora Zahlavova Strycova,20,1995,15,286,70,R16,6-1 6-4,Hard,20170320,2017-M007,P,Miami,24.9965776865,,R,184,201662,CZE,Karolina Pliskova,3,5640,2,2017
3,64,33.0102669405,,R,172,201325,AUS,Samantha Stosur,17,2120,6,287,99,R16,7-5 6-3,Clay,20170403,2017-0804,I,Charleston,26.6036960986,,R,181,201593,ROU,Irina Camelia Begu,33,1507,10,2017
3,32,29.2073921971,,L,173,201493,GER,Angelique Kerber,1,7340,1,300,115,F,6-4 2-6 6-1,Hard,20170403,2017-1039,I,Monterrey,25.7522245038,,R,177,201499,RUS,Anastasia Pavlyuchenkova,16,2196,2,2017
3,32,28.5804243669,,R,162,201521,ESP,Carla Suarez Navarro,25,1736,4,299,85,SF,7-6(6) 6-1,Hard,20170403,2017-1039,I,Monterrey,29.2073921971,,L,173,201493,GER,Angelique Kerber,1,7340,1,2017
3,32,27.195071868600003,,R,173,201427,FRA,Alize Cornet,44,1242,7,296,57,QF,6-1 6-1,Hard,20170403,2017-1039,I,Monterrey,28.5804243669,,R,162,201521,ESP,Carla Suarez Navarro,25,1736,4,2017
3,32,23.898699520900003,,R,179,201693,HUN,Timea Babos,30,1565,5,294,119,QF,6-2 3-6 7-5,Hard,20170403,2017-1039,I,Monterrey,25.7522245038,,R,177,201499,RUS,Anastasia Pavlyuchenkova,16,2196,2,2017
3,32,28.4353182752,,R,180,201504,GER,Julia Goerges,46,1150,7,297,111,QF,4-6 6-3 1-0 RET,Hard,20170410,2017-1098,I,Biel,31.0362765229,,R,164,201366,CZE,Barbora Zahlavova Strycova,18,2080,1,2017
3,32,27.0472279261,,R,176,201514,ROU,Sorana Cirstea,66,873,5,297,91,QF,6-4 6-4,Clay,20170424,2017-1027,I,Istanbul,22.614647501700002,,R,174,202494,UKR,Elina Svitolina,13,3740,1,2017
3,32,23.5592060233,,R,157,201616,USA,Lauren Davis,35,1455,7,297,132,QF,6-4 3-6 6-3,Clay,20170501,2017-1005,I,Rabat,25.8288843258,,R,177,201499,RUS,Anastasia Pavlyuchenkova,16,2475,1,2017
3,64,23.983572895300004,,R,184,201540,FRA,Kristina Mladenovic,17,2375,14,300,164,F,7-5 6-7(5) 6-2,Clay,20170508,2017-M021,P,Madrid,25.6125941136,,R,168,201594,ROU,Simona Halep,8,4206,3,2017
3,64,31.8631074606,,R,174,201320,RUS,Svetlana Kuznetsova,9,4060,8,299,103,SF,6-4 7-6(4),Clay,20170508,2017-M021,P,Madrid,23.983572895300004,,R,184,201540,FRA,Kristina Mladenovic,17,2375,14,2017
3,64,33.106091718,,R,172,201325,AUS,Samantha Stosur,26,1665,16,288,111,R16,6-4 4-6 6-4,Clay,20170508,2017-M021,P,Madrid,25.6125941136,,R,168,201594,ROU,Simona Halep,8,4206,3,2017
3,64,25.6317590691,,R,168,201594,ROU,Simona Halep,4,5205,6,300,127,F,4-6 7-5 6-1,Clay,20170515,2017-M009,I,Rome,22.672142368200003,,R,174,202494,UKR,Elina Svitolina,11,3780,8,2017
3,64,25.4291581109,,R,182,202428,NED,Kiki Bertens,20,2064,15,299,77,SF,7-5 6-1,Clay,20170515,2017-M009,I,Rome,25.6317590691,,R,168,201594,ROU,Simona Halep,4,5205,6,2017
3,64,23.6002737851,,R,182,202469,ESP,Garbine Muguruza,7,4287,3,298,22,SF,4-1 RET,Clay,20170515,2017-M009,I,Rome,22.672142368200003,,R,174,202494,UKR,Elina Svitolina,11,3780,8,2017
3,64,36.908966461300004,,R,185,200748,USA,Venus Williams,12,3752,9,295,103,QF,6-2 3-6 6-2,Clay,20170515,2017-M009,I,Rome,23.6002737851,,R,182,202469,ESP,Garbine Muguruza,7,4287,3,2017
3,64,25.149897330599998,,R,184,201662,CZE,Karolina Pliskova,3,6010,2,294,92,QF,6-2 7-6(9),Clay,20170515,2017-M009,I,Rome,22.672142368200003,,R,174,202494,UKR,Elina Svitolina,11,3780,8,2017
3,64,25.8672142368,,R,177,201499,RUS,Anastasia Pavlyuchenkova,17,2590,12,292,97,R16,6-1 4-6 6-0,Clay,20170515,2017-M009,I,Rome,25.6317590691,,R,168,201594,ROU,Simona Halep,4,5205,6,2017
3,32,31.3675564682,,R,173,201397,CHN,Shuai Peng,39,1305,8,299,115,SF,7-6(0) 6-4,Clay,20170522,2017-0406,I,Strasbourg,33.144421629,,R,172,201325,AUS,Samantha Stosur,24,1695,6,2017
3,32,28.714579055399998,,R,162,201521,ESP,Carla Suarez Navarro,22,1770,4,296,107,QF,7-6(5) 6-4,Clay,20170522,2017-0406,I,Strasbourg,33.144421629,,R,172,201325,AUS,Samantha Stosur,24,1695,6,2017
3,128,30.8254620123,,R,176,201455,RUS,Elena Vesnina,15,2816,14,206,103,R32,6-4 6-4,Clay,20170529,2017-520,G,Roland Garros,28.733744011,,R,162,201521,ESP,Carla Suarez Navarro,23,1800,21,2017
3,128,31.920602327199997,,R,174,201320,RUS,Svetlana Kuznetsova,9,4310,8,213,121,R16,6-1 4-6 6-2,Clay,20170529,2017-520,G,Roland Garros,26.8829568789,,R,177,201496,DEN,Caroline Wozniacki,12,3915,11,2017
3,128,23.638603696100002,,R,182,202469,ESP,Garbine Muguruza,5,4636,4,214,119,R16,6-1 3-6 6-3,Clay,20170529,2017-520,G,Roland Garros,24.041067761799997,,R,184,201540,FRA,Kristina Mladenovic,14,2915,13,2017
3,128,28.733744011,,R,162,201521,ESP,Carla Suarez Navarro,23,1800,21,217,60,R16,6-1 6-1,Clay,20170529,2017-520,G,Roland Garros,25.6700889802,,R,168,201594,ROU,Simona Halep,4,5790,3,2017
3,128,22.7104722793,,R,174,202494,UKR,Elina Svitolina,6,4575,5,222,126,QF,3-6 7-6(6) 6-0,Clay,20170529,2017-520,G,Roland Garros,25.6700889802,,R,168,201594,ROU,Simona Halep,4,5790,3,2017
3,128,25.1882272416,,R,184,201662,CZE,Karolina Pliskova,3,6100,2,225,120,SF,6-4 3-6 6-3,Clay,20170529,2017-520,G,Roland Garros,25.6700889802,,R,168,201594,ROU,Simona Halep,4,5790,3,2017
3,32,24.079397672800003,,R,184,201540,FRA,Kristina Mladenovic,13,3095,2,294,62,QF,6-3 6-1,Grass,20170612,2017-M010,I,'S-Hertogenbosch,28.0355920602,,R,174,201615,UKR,Lesia Tsurenko,37,1343,7,2017
3,32,24.098562628299998,,R,184,201540,FRA,Kristina Mladenovic,12,3095,5,296,103,QF,6-4 7-6(5),Grass,20170619,2017-1052,I,Birmingham,27.282683093800003,,L,183,201520,CZE,Petra Kvitova,16,2720,7,2017
3,64,26.9596167009,,R,177,201496,DEN,Caroline Wozniacki,6,4345,6,264,81,F,6-4 6-4,Grass,20170626,2017-M016,I,Eastbourne,25.264887063699998,,R,184,201662,CZE,Karolina Pliskova,3,6386,3,2017
3,64,31.9972621492,,R,174,201320,RUS,Svetlana Kuznetsova,8,4310,7,260,136,QF,6-7(7) 6-2 6-4,Grass,20170626,2017-M016,I,Eastbourne,25.264887063699998,,R,184,201662,CZE,Karolina Pliskova,3,6386,3,2017
3,64,25.7467488022,,R,168,201594,ROU,Simona Halep,2,6850,2,258,113,QF,5-7 6-4 6-1,Grass,20170626,2017-M016,I,Eastbourne,26.9596167009,,R,177,201496,DEN,Caroline Wozniacki,6,4345,6,2017
3,64,24.1177275838,,R,184,201540,FRA,Kristina Mladenovic,13,3095,9,254,101,R16,6-4 2-6 6-3,Grass,20170626,2017-M016,I,Eastbourne,31.9972621492,,R,174,201320,RUS,Svetlana Kuznetsova,8,4310,7,2017
3,64,30.9021218344,,R,176,201455,RUS,Elena Vesnina,16,2777,12,251,63,R16,6-1 6-2,Grass,20170626,2017-M016,I,Eastbourne,26.9596167009,,R,177,201496,DEN,Caroline Wozniacki,6,4345,6,2017
3,128,29.4565366188,,L,173,201493,GER,Angelique Kerber,1,7035,1,212,138,R16,4-6 6-4 6-4,Grass,20170703,2017-540,G,Wimbledon,23.7344284736,,R,182,202469,ESP,Garbine Muguruza,15,3060,14,2017
3,128,28.3258042437,,R,170,201474,POL,Agnieszka Radwanska,10,3985,9,213,89,R16,6-2 6-4,Grass,20170703,2017-540,G,Wimbledon,32.0164271047,,R,174,201320,RUS,Svetlana Kuznetsova,8,4310,7,2017
3,128,26.9787816564,,R,177,201496,DEN,Caroline Wozniacki,6,4550,5,215,63,R16,7-6(4) 6-4,Grass,20170703,2017-540,G,Wimbledon,25.574264202600002,,R,185,201535,USA,Coco Vandeweghe,25,1658,24,2017
3,128,32.0164271047,,R,174,201320,RUS,Svetlana Kuznetsova,8,4310,7,220,74,QF,6-3 6-4,Grass,20170703,2017-540,G,Wimbledon,23.7344284736,,R,182,202469,ESP,Garbine Muguruza,15,3060,14,2017
3,32,28.7036276523,,R,180,201504,GER,Julia Goerges,45,1220,3,300,97,F,6-3 7-5,Clay,20170717,2017-1079,I,Bucharest,26.8911704312,,R,181,201593,ROU,Irina Camelia Begu,58,1037,7,2017
3,32,28.8678986995,,R,162,201521,ESP,Carla Suarez Navarro,34,1475,2,298,127,SF,7-5 7-5,Clay,20170717,2017-1079,I,Bucharest,26.8911704312,,R,181,201593,ROU,Irina Camelia Begu,58,1037,7,2017
3,32,28.9144421629,,R,174,201596,SWE,Johanna Larsson,48,1160,5,294,94,QF,6-4 6-4,Clay,20170717,2017-1094,I,Gstaad,25.601642710500002,,R,182,202428,NED,Kiki Bertens,35,1386,2,2017
3,32,25.650924024600002,,R,185,201535,USA,Coco Vandeweghe,24,1749,6,300,88,F,7-6(4) 6-4,Hard,20170731,2017-0703,I,Stanford,22.4503764545,,R,178,201619,USA,Madison Keys,21,1768,3,2017
3,32,23.811088295700003,,R,182,202469,ESP,Garbine Muguruza,4,4991,1,299,57,SF,6-3 6-2,Hard,20170731,2017-0703,I,Stanford,22.4503764545,,R,178,201619,USA,Madison Keys,21,1768,3,2017
3,32,28.1697467488,,R,174,201615,UKR,Lesia Tsurenko,32,1543,7,296,70,QF,6-4 6-3,Hard,20170731,2017-0703,I,Stanford,22.4503764545,,R,178,201619,USA,Madison Keys,21,1768,3,2017
3,32,26.078028747399998,,R,177,201499,RUS,Anastasia Pavlyuchenkova,18,2025,4,295,65,QF,6-2 6-3,Hard,20170731,2017-0703,I,Stanford,25.650924024600002,,R,185,201535,USA,Coco Vandeweghe,24,1749,6,2017
3,32,28.741957563299998,,R,180,201504,GER,Julia Goerges,40,1290,4,300,130,F,3-6 7-6(2) 6-0,Hard,20170731,2017-M035,I,Washington,29.1471594798,,L,178,201505,RUS,Ekaterina Makarova,58,1025,7,2017
3,32,25.842573579699998,,R,168,201594,ROU,Simona Halep,2,5770,1,297,68,QF,2-6 6-3 1-0 RET,Hard,20170731,2017-M035,I,Washington,29.1471594798,,L,178,201505,RUS,Ekaterina Makarova,58,1025,7,2017
3,32,29.8480492813,,R,168,201512,ROU,Monica Niculescu,59,991,6,295,93,QF,6-3 6-4,Hard,20170731,2017-M035,I,Washington,28.741957563299998,,R,180,201504,GER,Julia Goerges,40,1290,4,2017
3,64,27.074606433899998,,R,177,201496,DEN,Caroline Wozniacki,6,4860,6,300,77,F,6-4 6-0,Hard,20170807,2017-0806,I,Toronto,22.9021218344,,R,174,202494,UKR,Elina Svitolina,5,4935,5,2017
3,64,25.8617385352,,R,168,201594,ROU,Simona Halep,2,5830,2,298,56,SF,6-1 6-1,Hard,20170807,2017-0806,I,Toronto,22.9021218344,,R,174,202494,UKR,Elina Svitolina,5,4935,5,2017
3,64,25.3798767967,,R,184,201662,CZE,Karolina Pliskova,1,6751,1,297,176,QF,7-5 6-7(3) 6-4,Hard,20170807,2017-0806,I,Toronto,27.074606433899998,,R,177,201496,DEN,Caroline Wozniacki,6,4860,6,2017
3,64,23.8302532512,,R,182,202469,ESP,Garbine Muguruza,4,5175,4,295,128,QF,4-6 6-4 6-3,Hard,20170807,2017-0806,I,Toronto,22.9021218344,,R,174,202494,UKR,Elina Svitolina,5,4935,5,2017
3,64,28.421629021199998,,R,170,201474,POL,Agnieszka Radwanska,10,3940,10,292,78,R16,6-3 6-1,Hard,20170807,2017-0806,I,Toronto,27.074606433899998,,R,177,201496,DEN,Caroline Wozniacki,6,4860,6,2017
3,64,37.138945927399995,,R,185,200748,USA,Venus Williams,9,4052,9,289,60,R16,6-2 6-1,Hard,20170807,2017-0806,I,Toronto,22.9021218344,,R,174,202494,UKR,Elina Svitolina,5,4935,5,2017
3,64,25.880903490799998,,R,168,201594,ROU,Simona Halep,2,6150,2,300,56,F,6-1 6-0,Hard,20170814,2017-M024,I,Cincinnati,23.8494182067,,R,182,202469,ESP,Garbine Muguruza,6,5310,4,2017
3,64,25.3990417522,,R,184,201662,CZE,Karolina Pliskova,1,6940,1,299,79,SF,6-3 6-2,Hard,20170814,2017-M024,I,Cincinnati,23.8494182067,,R,182,202469,ESP,Garbine Muguruza,6,5310,4,2017
3,64,27.0937713895,,R,177,201496,DEN,Caroline Wozniacki,5,5340,6,297,67,QF,6-2 6-4,Hard,20170814,2017-M024,I,Cincinnati,25.3990417522,,R,184,201662,CZE,Karolina Pliskova,1,6940,1,2017
3,64,32.1314168378,,R,174,201320,RUS,Svetlana Kuznetsova,8,4410,8,296,165,QF,6-2 5-7 7-5,Hard,20170814,2017-M024,I,Cincinnati,23.8494182067,,R,182,202469,ESP,Garbine Muguruza,6,5310,4,2017
3,64,22.4887063655,,R,178,201619,USA,Madison Keys,17,2238,16,291,138,R16,6-4 3-6 7-6(3),Hard,20170814,2017-M024,I,Cincinnati,23.8494182067,,R,182,202469,ESP,Garbine Muguruza,6,5310,4,2017
3,32,31.6167008898,,R,173,201397,CHN,Shuai Peng,23,1755,8,297,110,QF,7-5 6-3,Hard,20170821,2017-0602,I,New Haven,28.4599589322,,R,170,201474,POL,Agnieszka Radwanska,10,3855,1,2017
3,32,26.135523614,,R,177,201499,RUS,Anastasia Pavlyuchenkova,20,2025,6,294,123,QF,7-5 6-4,Hard,20170821,2017-0602,I,New Haven,28.2929500342,,R,161,201495,SVK,Dominika Cibulkova,11,3580,2,2017
3,128,28.4791238877,,R,170,201474,POL,Agnieszka Radwanska,11,3570,10,198,176,R32,7-5 4-6 6-4,Hard,20170828,2017-560,G,Us Open,25.7275838467,,R,185,201535,USA,Coco Vandeweghe,22,1994,20,2017
3,128,31.074606433899998,,R,176,201455,RUS,Elena Vesnina,18,2140,17,201,114,R32,2-6 6-4 6-1,Hard,20170828,2017-560,G,Us Open,22.527036276500002,,R,178,201619,USA,Madison Keys,16,2343,15,2017
3,128,28.898015058200002,,R,180,201517,SVK,Magdalena Rybarikova,32,1577,31,207,61,R32,6-1 6-1,Hard,20170828,2017-560,G,Us Open,23.8877481177,,R,182,202469,ESP,Garbine Muguruza,3,5860,3,2017
3,128,22.9596167009,,R,174,202494,UKR,Elina Svitolina,4,5530,4,214,120,R16,7-6(2) 1-6 6-4,Hard,20170828,2017-560,G,Us Open,22.527036276500002,,R,178,201619,USA,Madison Keys,16,2343,15,2017
3,128,23.8877481177,,R,182,202469,ESP,Garbine Muguruza,3,5860,3,217,106,R16,7-6(3) 6-3,Hard,20170828,2017-560,G,Us Open,27.4743326489,,L,183,201520,CZE,Petra Kvitova,14,3120,13,2017
3,128,25.4373716632,,R,184,201662,CZE,Karolina Pliskova,1,6390,1,220,94,QF,7-6(4) 6-3,Hard,20170828,2017-560,G,Us Open,25.7275838467,,R,185,201535,USA,Coco Vandeweghe,22,1994,20,2017
3,128,27.4743326489,,L,183,201520,CZE,Petra Kvitova,14,3120,13,222,154,QF,6-3 3-6 7-6(2),Hard,20170828,2017-560,G,Us Open,37.196440794000004,,R,185,200748,USA,Venus Williams,9,4216,9,2017
3,128,25.7275838467,,R,185,201535,USA,Coco Vandeweghe,22,1994,20,224,66,SF,6-1 6-2,Hard,20170828,2017-560,G,Us Open,22.527036276500002,,R,178,201619,USA,Madison Keys,16,2343,15,2017
