School_ID,School,Location,Enrollment,Founded,Denomination,Boys_or_Girls,Day_or_Boarding,Year_Entered_Competition,School_Colors
1,St Aloysius' College,Milsons Point,1200.0,1879.0,Catholic,Boys,Day,1929.0,Royal Blue and Gold
2,Barker College,Hornsby,2300.0,1890.0,Anglican,Boys only to Yr 9 Co-ed Year 10 to 12,Day & Boarding,1929.0,Red & Blue
3,Cranbrook School,Bellevue Hill,1000.0,1918.0,Anglican,Boys,Day & Boarding,1929.0,"Red, White & Blue"
4,Knox Grammar School,Wahroonga,1850.0,1924.0,Uniting Church,Boys,Day & Boarding,1929.0,Black & Blue
5,Trinity Grammar School,Summer Hill,2200.0,1913.0,Anglican,Boys,Day & Boarding,1929.0,Green and White
6,Waverley College,Waverley,1430.0,1903.0,Catholic,Boys,Day,1944.0,Royal Blue and Gold
