School_id,School_name,Location,Mascot,Enrollment,IHSAA_Class,IHSAA_Football_Class,County
1,Bremen,Bremen,Lions,495,AA,AA,50 Marshall
2,Culver Community,Culver,Cavaliers,287,A,A,50 Marshall
3,Glenn,Walkerton,Falcons,605,AAA,AAA,71 St. Joseph
4,Jimtown,Elkhart,Jimmies,601,AAA,AAA,20 Elkhart
5,Knox Community,Knox,Redskins,620,AAA,AAA,75 Starke
6,LaVille,Lakeville,Lancers,379,AA,A,71 St. Joseph
7,New Prairie 1,New Carlisle,Cougars,852,AAA,AAAA,46 LaPorte 71 St. Joseph
8,Triton,Bourbon,Trojans,316,A,A,50 Marshall
